ASIN,MainRankingValue,MainRankingCategory,SubRankingCategory,SubRankingValue
B073XR4X72,35,Tools & Home Improvement,Picture Hanging Hardware,1.0
B00178KLEY,141,"Arts, Crafts & Sewing",Art Glues & Pastes,8.0
B000P0LNRE,61,"Arts, Crafts & Sewing",Craft Scissors,4.0
B001AH5EXK,299,"Arts, Crafts & Sewing",Craft Glue Guns,4.0
B00KD6YW2I,218,"Arts, Crafts & Sewing",Art Glues & Pastes,10.0
B00161S2RK,829,Office Products,Paper Trimmer Blades,1.0
B019CSHSW8,1636,Tools & Home Improvement,Power Shears & Nibblers,1.0
B002TOL3ZQ,127,"Arts, Crafts & Sewing",Arts & Crafts Tape,2.0
B002TOL44Q,699,"Arts, Crafts & Sewing",Arts & Crafts Tape,16.0
B000UU6SR4,433,"Arts, Crafts & Sewing",Craft Scissors,13.0
B0B5G72HM2,2419,Tools & Home Improvement,Picture Hanging Hardware,20.0
B08XKLQBBW,247,"Arts, Crafts & Sewing",Candle Making Wax,4.0
B00004Z2U0,1584,Office Products,Paper Trimmer Blades,2.0
B003W0J9ES,279,"Arts, Crafts & Sewing",Quilting Cutting Mats,4.0
B09BW3G5FY,1040,"Arts, Crafts & Sewing",Art Glues & Pastes,33.0
B002NQ2K16,294,"Arts, Crafts & Sewing",Mixed Media Paper,1.0
B0058TW286,2535,Office Products,Stack Paper Trimmers,2.0
B001KZC7K0,5656,Tools & Home Improvement,Spray Paint,45.0
B000PCY94Q,1907,"Arts, Crafts & Sewing",Glue Sticks,8.0
B00OLOXX9G,1422,"Arts, Crafts & Sewing",Floral Foam,7.0
B00HC18CI2,2187,"Arts, Crafts & Sewing",Craft Glue Guns,8.0
B00JWFIKOC,2141,"Arts, Crafts & Sewing",Art Knives & Blades,7.0
B00IR153UG,2527,"Arts, Crafts & Sewing",Fabric Adhesives,44.0
B000XAOSHS,2356,"Arts, Crafts & Sewing",Art Glues & Pastes,63.0
B0000C0CIR,2452,"Arts, Crafts & Sewing",Transfer Paper,19.0
B000TK4HNC,7130,Tools & Home Improvement,Spray Paint,54.0
B00CHQ7IBO,2868,"Arts, Crafts & Sewing",Art Glues & Pastes,78.0
B000F7ASAU,1239,"Arts, Crafts & Sewing",Construction Paper,9.0
B000BNLLHW,2904,"Arts, Crafts & Sewing",Quilting Rotary Cutters,9.0
B016IAO14G,2181,"Arts, Crafts & Sewing",Craft Scissors,43.0
B00CPD0O1U,1935,"Arts, Crafts & Sewing",Palette Paper,1.0
B001687ZDA,3307,"Arts, Crafts & Sewing",Fabric Adhesives,52.0
B085G4WXP1,8391,Tools & Home Improvement,Wood Chisels,3.0
B093CJY92Y,3602,"Arts, Crafts & Sewing",Kraft Paper,18.0
B0006HUJ0S,2655,"Arts, Crafts & Sewing",Art Blades,7.0
B00161UNSG,2800,"Arts, Crafts & Sewing",Glue Sticks,14.0
B0CNXY3X25,3838,"Arts, Crafts & Sewing",Craft Shears,3.0
B00C0YOGEU,4101,"Arts, Crafts & Sewing",Adhesive Sprays,7.0
B07PGKTJBT,5683,"Arts, Crafts & Sewing",Art Tissue,12.0
B079W5KWQ8,976,"Arts, Crafts & Sewing",Quilting Cutting Mats,7.0
B0013J0HI2,3404,"Arts, Crafts & Sewing",Pottery & Modeling Clays,25.0
B00MFU8A0A,644,"Arts, Crafts & Sewing",Arts & Crafts Tape,14.0
B000WG20SC,2301,"Arts, Crafts & Sewing",Newsprint Paper,1.0
B00N37SWX4,3412,"Arts, Crafts & Sewing",Embroidery Floss,10.0
B06XRRN4VL,15482,"Arts, Crafts & Sewing",Latch Hook Kits,6.0
B07CGXLHZW,30814,"Arts, Crafts & Sewing",Latch Hook Kits,24.0
B09NLB4L35,31220,"Arts, Crafts & Sewing",Cross-Stitch Counted Kits,29.0
B005IDB6ZM,30910,"Arts, Crafts & Sewing",Cross-Stitch Counted Kits,28.0
B0006HFSFO,51670,"Arts, Crafts & Sewing",Cross-Stitch Stamped Kits,63.0
B079C7QHZG,43108,"Arts, Crafts & Sewing",Needlepoint Kits,7.0
B00KHUL87C,41196,"Arts, Crafts & Sewing",Cross-Stitch Counted Kits,45.0
B00C1M2JS6,16011,"Arts, Crafts & Sewing",Tatting & Lacemaking Supplies,2.0
B079CB9QVW,31986,"Arts, Crafts & Sewing",Needlepoint Kits,4.0
B01E7GDY1E,26350,"Arts, Crafts & Sewing",Cross-Stitch Counted Kits,19.0
B00114Q7O2,39064,"Arts, Crafts & Sewing",Cross-Stitch Stamped Kits,43.0
B00129S6XQ,24368,"Arts, Crafts & Sewing",Cross-Stitch Stamped Kits,19.0
B00114PX2Y,61515,"Arts, Crafts & Sewing",Cross-Stitch Counted Kits,101.0
B003701SSS,49932,"Arts, Crafts & Sewing",Cross-Stitch Counted Kits,53.0
B09QB3PWK5,70618,"Arts, Crafts & Sewing",Cross-Stitch Stamped Kits,98.0
B0928RYSNZ,56339,"Arts, Crafts & Sewing",Cross-Stitch Counted Kits,83.0
B001DEI3YC,60714,"Arts, Crafts & Sewing",Cross-Stitch Stamped Kits,79.0
B07DP2V5B7,61504,"Arts, Crafts & Sewing",Cross-Stitch Counted Kits,100.0
B0017KW24O,69681,"Arts, Crafts & Sewing",Cross-Stitch Counted Kits,126.0
B00OY0QSB2,60641,"Arts, Crafts & Sewing",Cross-Stitch Counted Kits,93.0
B001DZUVQY,65178,"Arts, Crafts & Sewing",Needle Felting Kits,67.0
B001CRKK3M,65118,"Arts, Crafts & Sewing",Cross-Stitch Stamped Kits,86.0
B074T4DFDF,61396,"Arts, Crafts & Sewing",Embroidery Kits,233.0
B08L6PR3H6,40914,"Arts, Crafts & Sewing",Cross-Stitch Counted Kits,44.0
B09NRY8GWV,68279,"Arts, Crafts & Sewing",Cross-Stitch Stamped Kits,95.0
B0033A2GLA,71075,"Arts, Crafts & Sewing",Cross-Stitch Counted Kits,129.0
B09XWY2JT6,74807,"Arts, Crafts & Sewing",Embroidery Kits,292.0
B001BPOVY4,78595,"Arts, Crafts & Sewing",Sewing Project Kits,139.0
B00114RGLA,72663,"Arts, Crafts & Sewing",Cross-Stitch Stamped Kits,102.0
B003WKXBRO,72632,"Arts, Crafts & Sewing",Cross-Stitch Counted Kits,137.0
B0178OVEGE,68853,"Arts, Crafts & Sewing",Cross-Stitch Counted Kits,120.0
B0CQBCK5CB,78279,"Arts, Crafts & Sewing",Cross-Stitch Counted Kits,157.0
B003W124PS,73570,"Arts, Crafts & Sewing",Cross-Stitch Stamped Kits,105.0
B00G3MKUUY,84406,"Arts, Crafts & Sewing",Embroidery Kits,334.0
B0030OM0OW,80502,"Arts, Crafts & Sewing",Cross-Stitch Counted Kits,166.0
B08B8VFTNW,58158,"Arts, Crafts & Sewing",Cross-Stitch Stamped Kits,68.0
B009MHIM8Y,83551,"Arts, Crafts & Sewing",Cross-Stitch Counted Kits,174.0
B01BO7QD7Q,88487,"Arts, Crafts & Sewing",Embroidery Kits,353.0
B083KHJV7P,79018,"Arts, Crafts & Sewing",Punch Needle Supplies,91.0
B0928QXBKY,89330,"Arts, Crafts & Sewing",Cross-Stitch Counted Kits,195.0
B00J3YTLAY,95177,"Arts, Crafts & Sewing",Needlepoint Kits,32.0
B00DV925FU,73392,"Arts, Crafts & Sewing",Cross-Stitch Counted Kits,140.0
B003NO2G20,80923,"Arts, Crafts & Sewing",Embroidery Kits,321.0
B01CERTM00,99559,"Arts, Crafts & Sewing",Embroidery Kits,408.0
B003W17WBE,88970,"Arts, Crafts & Sewing",Cross-Stitch Stamped Kits,142.0
B0C35CCVSY,81910,"Arts, Crafts & Sewing",Felt Applique Kits,44.0
B001CRMMNI,84631,"Arts, Crafts & Sewing",Cross-Stitch Stamped Kits,127.0
B003LC1936,76854,"Arts, Crafts & Sewing",Needlepoint Kits,21.0
B005M2HI7E,77660,"Arts, Crafts & Sewing",Embroidery Kits,307.0
B0057M7VJO,76172,"Arts, Crafts & Sewing",Cross-Stitch Counted Kits,151.0
B09NRWMCC6,48103,"Arts, Crafts & Sewing",Cross-Stitch Stamped Kits,55.0
B00KHUL7Y6,84935,"Arts, Crafts & Sewing",Cross-Stitch Counted Kits,179.0
B00OY2D7FK,42262,"Arts, Crafts & Sewing",Cross-Stitch Counted Kits,49.0
B00FRH25S6,33202,"Arts, Crafts & Sewing",Cross-Stitch Counted Kits,32.0
B001UAJ8FW,88263,"Arts, Crafts & Sewing",Cross-Stitch Stamped Kits,139.0
B001DHVQQ6,80130,"Arts, Crafts & Sewing",Cross-Stitch Counted Kits,164.0
B00A2YO3D4,118088,"Arts, Crafts & Sewing",Embroidery Kits,496.0
B08YZ9CR3B,36465,"Arts, Crafts & Sewing",Cross-Stitch Counted Kits,37.0
B00AUQ5SL0,79526,"Arts, Crafts & Sewing",Cross-Stitch Counted Kits,163.0
B09QB1BSZS,93916,"Arts, Crafts & Sewing",Cross-Stitch Stamped Kits,150.0
B001144TYM,91433,"Arts, Crafts & Sewing",Cross-Stitch Counted Kits,208.0
B00N4AZQQ6,72010,"Arts, Crafts & Sewing",Felt Applique Kits,32.0
B001TWT4M8,96992,"Arts, Crafts & Sewing",Cross-Stitch Stamped Kits,157.0
B00RA2GBBI,64842,"Arts, Crafts & Sewing",Cross-Stitch Counted Kits,108.0
B000A86F0Q,38575,"Arts, Crafts & Sewing",Cross-Stitch Counted Kits,41.0
B074N6R8ZM,74991,"Arts, Crafts & Sewing",Cross-Stitch Counted Kits,146.0
B0C4568TYX,83800,"Arts, Crafts & Sewing",Cross-Stitch Counted Kits,175.0
B00114LUAI,96216,"Arts, Crafts & Sewing",Cross-Stitch Stamped Kits,155.0
B07BDDN7V2,87399,"Arts, Crafts & Sewing",Needlepoint Kits,28.0
B009LHB3CM,109154,"Arts, Crafts & Sewing",Cross-Stitch Counted Kits,291.0
B001O8HHN0,88641,"Arts, Crafts & Sewing",Cross-Stitch Counted Kits,192.0
B00KHUMOLG,111858,"Arts, Crafts & Sewing",Needle Felting Kits,115.0
B003LH521G,110482,"Arts, Crafts & Sewing",Needlepoint Kits,44.0
B005K8VM1I,74994,"Arts, Crafts & Sewing",Cross-Stitch Counted Kits,147.0
B09G6Z56L7,102028,"Arts, Crafts & Sewing",Embroidery Kits,419.0
B002671RIY,52599,"Arts, Crafts & Sewing",Cross-Stitch Counted Kits,73.0
B000VD74E6,54949,"Arts, Crafts & Sewing",Cross-Stitch Counted Kits,81.0
B09NRZ9FVK,125485,"Arts, Crafts & Sewing",Cross-Stitch Counted Kits,376.0
B0010X9UV6,98248,"Arts, Crafts & Sewing",Cross-Stitch Counted Kits,239.0
B001DEGP56,74809,"Arts, Crafts & Sewing",Cross-Stitch Counted Kits,145.0
B00114Q4H2,89928,"Arts, Crafts & Sewing",Cross-Stitch Counted Kits,202.0
B00NFM0A32,47924,"Arts, Crafts & Sewing",Cross-Stitch Counted Kits,60.0
B0CQB53DRB,52792,"Arts, Crafts & Sewing",Cross-Stitch Counted Kits,75.0
B007VLRK8G,80500,"Arts, Crafts & Sewing",Cross-Stitch Counted Kits,165.0
B00RA2G9CE,66995,"Arts, Crafts & Sewing",Cross-Stitch Counted Kits,110.0
B003YDEA5G,91987,"Arts, Crafts & Sewing",Cross-Stitch Counted Kits,209.0
B0012156LE,104419,"Arts, Crafts & Sewing",Cross-Stitch Counted Kits,267.0
B00BBAS80M,77499,"Arts, Crafts & Sewing",Cross-Stitch Stamped Kits,114.0
B003YU4JP0,106226,"Arts, Crafts & Sewing",Cross-Stitch Counted Kits,278.0
B001CRMMQA,115963,"Arts, Crafts & Sewing",Cross-Stitch Stamped Kits,200.0
B011Q0MR8K,117503,"Arts, Crafts & Sewing",Cross-Stitch Counted Kits,330.0
B07KG34KNP,105432,"Arts, Crafts & Sewing",Cross-Stitch Counted Kits,274.0
B01BO7UNGS,95680,"Arts, Crafts & Sewing",Cross-Stitch Counted Kits,233.0
B004RR7H44,110364,"Arts, Crafts & Sewing",Cross-Stitch Counted Kits,301.0
B001CRIKAC,76082,"Arts, Crafts & Sewing",Cross-Stitch Counted Kits,154.0
B01BO7UIYA,95736,"Arts, Crafts & Sewing",Embroidery Kits,390.0
B01LDIYEM2,97450,"Arts, Crafts & Sewing",Felt Applique Kits,58.0
B000W5L5ZC,73655,"Arts, Crafts & Sewing",Cross-Stitch Counted Kits,142.0
B00MQ7RERW,102926,"Arts, Crafts & Sewing",Cross-Stitch Counted Kits,257.0
B07DP3M39Q,117873,"Arts, Crafts & Sewing",Cross-Stitch Counted Kits,334.0
B000BG1X9U,68388,"Arts, Crafts & Sewing",Cross-Stitch Counted Kits,115.0
B00OY0YDAA,94793,"Arts, Crafts & Sewing",Cross-Stitch Stamped Kits,152.0
B0C7V4T4HP,101641,"Arts, Crafts & Sewing",Felt Applique Kits,62.0
B000U2Y13K,122607,"Arts, Crafts & Sewing",Cross-Stitch Counted Kits,362.0
B00DD507SO,101212,"Arts, Crafts & Sewing",Embroidery Kits,415.0
B00OY0X522,106714,"Arts, Crafts & Sewing",Cross-Stitch Stamped Kits,182.0
B001EL68F0,38842,"Arts, Crafts & Sewing",Cross-Stitch Counted Kits,42.0
B092CTG5YV,127790,"Arts, Crafts & Sewing",Felt Applique Kits,100.0
B072RTMGLC,90967,"Arts, Crafts & Sewing",Embroidery Kits,366.0
B09XWLPZW2,117766,"Arts, Crafts & Sewing",Cross-Stitch Counted Kits,333.0
B07FDR566M,91407,"Arts, Crafts & Sewing",Cross-Stitch Stamped Kits,146.0
B01BPXM2TW,133813,"Arts, Crafts & Sewing",Embroidery Kits,556.0
B000UIS89C,51702,"Arts, Crafts & Sewing",Cross-Stitch Counted Kits,70.0
B071XHZD7X,89898,"Arts, Crafts & Sewing",Cross-Stitch Counted Kits,201.0
B01BO7R94M,127036,"Arts, Crafts & Sewing",Needlepoint Kits,52.0
B00XM7XW9Y,125273,"Arts, Crafts & Sewing",Cross-Stitch Counted Kits,375.0
B0928S1MB7,98980,"Arts, Crafts & Sewing",Cross-Stitch Counted Kits,241.0
B002C4M6PE,123312,"Arts, Crafts & Sewing",Cross-Stitch Counted Kits,366.0
B00FRH25WC,131105,"Arts, Crafts & Sewing",Needlepoint Kits,54.0
B07FY5QSK9,104429,"Arts, Crafts & Sewing",Embroidery Supplies,1075.0
B00120PTOO,126877,"Arts, Crafts & Sewing",Felt Applique Kits,97.0
B016QNCFZC,50055,"Arts, Crafts & Sewing",Cross-Stitch Counted Kits,65.0
B0BBSGLPQ2,53766,"Arts, Crafts & Sewing",Cross-Stitch Counted Kits,78.0
B00UXA08A4,134070,"Arts, Crafts & Sewing",Cross-Stitch Counted Kits,437.0
B00A9VU8RA,107321,"Arts, Crafts & Sewing",Cross-Stitch Stamped Kits,185.0
B0CCYPH2JF,100051,"Arts, Crafts & Sewing",Cross-Stitch Counted Kits,245.0
B08L6QL4WF,119588,"Arts, Crafts & Sewing",Cross-Stitch Counted Kits,341.0
B0BV81WDX5,149357,"Arts, Crafts & Sewing",Felt Applique Kits,125.0
B004BOY63S,83900,"Arts, Crafts & Sewing",Cross-Stitch Stamped Kits,123.0
B004YD6AEY,107891,"Arts, Crafts & Sewing",Embroidery Kits,444.0
B004HCAN1S,103193,"Arts, Crafts & Sewing",Cross-Stitch Counted Kits,260.0
B09PVN4Y2P,115301,"Arts, Crafts & Sewing",Cross-Stitch Counted Kits,319.0
B09YFLTCW9,107503,"Arts, Crafts & Sewing",Needlepoint Kits,41.0
B000W7FZGK,138868,"Arts, Crafts & Sewing",Felt Applique Kits,109.0
B003LH16ZW,98326,"Arts, Crafts & Sewing",Needlepoint Kits,34.0
B08MBFV7CG,109171,"Arts, Crafts & Sewing",Cross-Stitch Counted Kits,292.0
B072Q5DJ6B,109041,"Arts, Crafts & Sewing",Embroidery Kits,453.0
B00114OOV0,134671,"Arts, Crafts & Sewing",Cross-Stitch Stamped Kits,247.0
B00266SE2W,119694,"Arts, Crafts & Sewing",Cross-Stitch Counted Kits,342.0
B0CQBD27Z2,141325,"Arts, Crafts & Sewing",Cross-Stitch Counted Kits,478.0
B09QB9TVGD,128942,"Arts, Crafts & Sewing",Cross-Stitch Stamped Kits,228.0
B00DD4IIQI,140324,"Arts, Crafts & Sewing",Cross-Stitch Counted Kits,468.0
B00114M0NY,130151,"Arts, Crafts & Sewing",Cross-Stitch Counted Kits,408.0
B00VU4QCX4,95552,"Arts, Crafts & Sewing",Embroidery Kits,389.0
B07TFRJJ9R,112725,"Arts, Crafts & Sewing",Felt Applique Kits,77.0
B004LX42S8,53112,"Arts, Crafts & Sewing",Cross-Stitch Counted Kits,77.0
B004RR7GSG,124268,"Arts, Crafts & Sewing",Cross-Stitch Counted Kits,368.0
B07SS5Z8W6,140948,"Arts, Crafts & Sewing",Embroidery Kits,576.0
B001BETN1Q,107182,"Arts, Crafts & Sewing",Cross-Stitch Stamped Kits,183.0
B0743K9R5Y,118027,"Arts, Crafts & Sewing",Cross-Stitch Counted Kits,335.0
B00AIK05TI,139040,"Arts, Crafts & Sewing",Cross-Stitch Stamped Kits,256.0
B0146E4QL4,109174,"Arts, Crafts & Sewing",Cross-Stitch Counted Kits,293.0
B004BP3OGM,85977,"Arts, Crafts & Sewing",Cross-Stitch Stamped Kits,134.0
B00TPOGIBM,125225,"Arts, Crafts & Sewing",Cross-Stitch Counted Kits,373.0
B07LG9BVG3,114304,"Arts, Crafts & Sewing",Cross-Stitch Counted Kits,317.0
B001DEIEUK,115998,"Arts, Crafts & Sewing",Punch Needle Supplies,141.0
B01LG0TFP8,99527,"Arts, Crafts & Sewing",Cross-Stitch Stamped Kits,164.0
B0CCQB2R4X,130647,"Arts, Crafts & Sewing",Felt Applique Kits,102.0
B00OJGHQYO,115418,"Arts, Crafts & Sewing",Cross-Stitch Counted Kits,320.0
B00OY0YMHY,89822,"Arts, Crafts & Sewing",Cross-Stitch Counted Kits,199.0
B011YAZRUC,140705,"Arts, Crafts & Sewing",Felt Applique Kits,114.0
B003UPRCDA,148884,"Arts, Crafts & Sewing",Cross-Stitch Counted Kits,520.0
B094PVSXYR,138952,"Arts, Crafts & Sewing",Cross-Stitch Counted Kits,460.0
B06XKRDMH6,108799,"Arts, Crafts & Sewing",Cross-Stitch Counted Kits,288.0
B002CMIW0O,146644,"Arts, Crafts & Sewing",Cross-Stitch Counted Kits,503.0
B00DD2Z26O,89773,"Arts, Crafts & Sewing",Embroidery Kits,362.0
B0B7CS2J6R,128105,"Arts, Crafts & Sewing",Cross-Stitch Counted Kits,396.0
B09NRXLVSC,103966,"Arts, Crafts & Sewing",Cross-Stitch Counted Kits,265.0
B07N4S33TS,151598,"Arts, Crafts & Sewing",Embroidery Kits,622.0
B001CRGN7Y,146509,"Arts, Crafts & Sewing",Cross-Stitch Stamped Kits,275.0
B002MF5CFO,128850,"Arts, Crafts & Sewing",Cross-Stitch Stamped Kits,227.0
B01MG88D1F,124475,"Arts, Crafts & Sewing",Felt Applique Kits,93.0
B08L6RJL83,142205,"Arts, Crafts & Sewing",Cross-Stitch Counted Kits,481.0
B003R23T7O,105977,"Arts, Crafts & Sewing",Cross-Stitch Counted Kits,276.0
B09ZFBBFN1,117671,"Arts, Crafts & Sewing",Needlepoint Kits,47.0
B001TWHPU6,90045,"Arts, Crafts & Sewing",Cross-Stitch Counted Kits,264.0
B001DEESLE,156421,"Arts, Crafts & Sewing",Cross-Stitch Stamped Kits,292.0
B002VRBNPQ,139812,"Arts, Crafts & Sewing",Felt Applique Kits,111.0
B001DEEXWI,103760,"Arts, Crafts & Sewing",Cross-Stitch Counted Kits,263.0
B01691KMFG,120168,"Arts, Crafts & Sewing",Cross-Stitch Counted Kits,346.0
B001213CY2,49484,"Arts, Crafts & Sewing",Cross-Stitch Counted Kits,63.0
B01FV60MQY,98199,"Arts, Crafts & Sewing",Felt Applique Kits,59.0
B0BV8W592W,157079,"Arts, Crafts & Sewing",Felt Applique Kits,145.0
B00DGRIK9W,99630,"Arts, Crafts & Sewing",Cross-Stitch Counted Kits,243.0
B081P2ZHPF,104148,"Arts, Crafts & Sewing",Felt Applique Kits,65.0
B074T2MBW2,119746,"Arts, Crafts & Sewing",Cross-Stitch Counted Kits,343.0
B0BVPNRCBX,99808,"Arts, Crafts & Sewing",Cross-Stitch Stamped Kits,165.0
B00KKV0TCI,149543,"Arts, Crafts & Sewing",Cross-Stitch Counted Kits,525.0
B0BV8DMHWG,147197,"Arts, Crafts & Sewing",Felt Applique Kits,120.0
B01FV60PKC,47838,"Arts, Crafts & Sewing",Embroidery Kits,171.0
B0CCYQ7PH7,117567,"Arts, Crafts & Sewing",Cross-Stitch Counted Kits,331.0
B0BN4JJKRZ,148309,"Arts, Crafts & Sewing",Felt Applique Kits,122.0
B016TQIK5K,106742,"Arts, Crafts & Sewing",Embroidery Kits,438.0
B01BGMBT6E,122414,"Arts, Crafts & Sewing",Cross-Stitch Counted Kits,360.0
B00IX7293S,151609,"Arts, Crafts & Sewing",Cross-Stitch Counted Kits,536.0
B0BQX6NNVC,3,External Hard Drives,,
B08HN37XC1,1,External Solid State Drives,,
B0BHZQGN26,5,External Solid State Drives,,
B0874XN4D8,2,External Solid State Drives,,
B08K3S6WJM,82,Video Games,Xbox One Memory,1.0
B08JKHPV1V,14,External Hard Drives,,
B0C9WJQ9GP,27,External Solid State Drives,,
B07VTW2LPX,15,External Hard Drives,,
B0CGW1FQV4,17,External Solid State Drives,,
B0C44XVWCH,393,Video Games,External Solid State Drives,21.0
B0BW6715SV,38,External Solid State Drives,,
B0BFZZ3ZWZ,4,Computer Cases,,
B097TSN41S,25,External Solid State Drives,,
B0B6Y15C5L,3,Computer Cases,,
B0C89FCDFP,5,Computer Cases,,
B00ODDE33U,5,External CD & DVD Drives,,
B0785GRMPG,2,Computer Cases,,
B0CMDGGJTZ,75,External Solid State Drives,,
B0C9YLX21T,53,External Hard Drives,,
B0C89F1V5S,8,Computer Cases,,
B079H7JVL3,45,External Hard Drives,,
B0C9WHSZZN,50,External Solid State Drives,,
B0B72D88KL,9,Computer Cases,Computer Graphics Cards,16.0
B094QZLJQ6,23,External Hard Drives,,
B0C89G9QDK,31,Computer Cases,,
B08M49WW51,25,Computer Cases,,
B097TTZD48,43,External Solid State Drives,,
B0B6D8XB74,18,External CD & DVD Drives,,
B0CB26ZFKV,16,Computer Cases,,
B0CJG3Q7JW,95,External Solid State Drives,,
B01LQQHKZY,48,External Hard Drives,,
B07VX8HHFK,59,External Hard Drives,,
B09DKPXSFJ,40,Computer Cases,,
B08F1VVBL9,79,External Solid State Drives,,
B0BQSJWFQM,39,Computer Cases,,
B0BN3SY5XW,34,Computer Cases,,
B0797GHT9F,42,Computer Cases,,
B0BZBWSXKH,78,Computer Cases,,
B08T1VC921,37,Computer Cases,,
B0B6YHDB2Y,81,Computer Cases,,
B0C5LK9L62,66,Computer Cases,,
B0CB8WGGNW,117,Computer Cases,,
B011327QXC,5,External Blu-ray Drives,,
B0C2CKPDG4,129,Computer Cases,,
B0B6Y6NQNF,86,Computer Cases,,
B00DKXXBU0,79,Computer Cases,,
B00C2AMK2M,74,External CD & DVD Drives,,
B0CVNM6H87,74,External Solid State Drives,,
B0BQS8GKWV,145,Computer Cases,,
B0CJCJ3ZZB,44,Computer Cases,,
B0CQ59S798,97,Computer Cases,,
B0BJ6D6MPJ,74,Computer Cases,,
B0CF9MS1HG,56,Computer Cases,,
B01BY4PZLE,38,External CD & DVD Drives,,
B0CQC5QW99,119,Computer Cases,,
B0CS878V58,94,Computer Cases,,
B0BQD5W3N9,134,Computer Cases,,
B08BFJ8V8C,93,Computer Cases,,
B09138FCV5,68,Computer Cases,,
B0B1W53S3X,111,External Solid State Drives,,
B00DWFPDJI,15,External Blu-ray Drives,,
B09F6279PY,104,External Solid State Drives,,
B08F27QGHX,96,External Solid State Drives,,
B0CF81HG8G,345,External Hard Drives,,
B0BKC67D3V,243,Computer Cases,,
B00NTQGZNS,262,External Hard Drives,,
B0BW21WZNG,395,Computer Cases,,
B07R6P2JJR,8,External TV Tuners,,
B08146JLXK,148,Computer Cases,,
B00BOK3NQI,3,External Disc Duplicators,,
B079G3TNDM,124,Computer Cases,,
B07L6CHS16,196,Computer Cases,,
B0BW4RBGH6,343,External Solid State Drives,,
B08RX3TWJZ,114,External Solid State Drives,,
B08M4B2KQ4,270,Computer Cases,,
B00PDDMN6S,90,Computer Cases,,
B08C76W2WM,147,Computer Cases,,
B0CPRPMG8D,258,Computer Cases,,
B0CV628X37,205,External Solid State Drives,,
B00H2FTQEW,56,External CD & DVD Drives,,
B0B6XWXL4W,127,Computer Cases,,
B0CCDS6G76,426,External Hard Drives,,
B00CRZ2PRM,115,External Hard Drives,,
B0BMPG47KQ,207,Computer Cases,,
B0BH49RC7T,143,Computer Cases,,
B0B7S341T8,105,Computer Cases,,
B0BQBDWCNT,164,Computer Cases,,
B0CDQT3BXD,225,Computer Cases,,
B0839Y7933,233,Computer Cases,,
B0964K2W4R,277,Computer Cases,,
B0CPP3DWLX,171,Computer Cases,,
B07MNTYSSK,253,External Hard Drives,,
B07T4W3BMH,254,Computer Cases,,
B09DS85DYC,98,Computer Cases,,
B0CHXVLL51,268,Computer Cases,,
B07B3JDBM2,170,Computer Cases,,
B0BL4SWVN3,297,Computer Cases,,
B0BN4B4L54,391,External Hard Drives,,
B0BVZ8BTNH,648,Computer Cases,,
B0CHXGGB3T,174,Computer Cases,,
B0CGW3HYM9,263,Computer Cases,,
B0CKTYSZV9,337,Computer Cases,,
B07GY2B3WP,46,Computer Cases,,
B0CD2TVQ98,128,External Solid State Drives,,
B095VYKSQZ,205,Computer Cases,,
B08VVPPPZK,73,Computer Cases,,
B07RC8F2L3,51,KVM Switches,,
B00ODEGWN8,347,External Hard Drives,,
B08M9HKJBL,231,Computer Cases,,
B09TL7Z2DZ,375,Computer Cases,,
B0BQD5J39S,449,Computer Cases,,
B0C7SJVFVH,163,Computer Cases,,
B0CD63N5G2,118,External Solid State Drives,,
B09ZLTFC5B,402,External Hard Drives,,
B09XQS5GJN,304,Computer Cases,,
B084RSCFD4,394,Computer Cases,,
B0CDQTTH89,650,Computer Cases,,
B0844MSVD3,421,External Hard Drives,,
B0C3B18PKT,107,External Solid State Drives,,
B01A27IUUM,89,External CD & DVD Drives,,
B07RW8GLQJ,317,Computer Cases,,
B07MNC3JCB,469,Computer Cases,,
B0BW4N75LD,695,Computer Cases,,
B0B57G9BHC,614,Computer Cases,,
B0CWTPC32W,211,Computer Cases,,
B07PJ18S78,396,Computer Cases,,
B0CHFZWR7H,134,External Solid State Drives,,
B074LRNC44,214,Computer Cases,,
B0BDQKYQHS,667,Computer Cases,,
B097C952J6,650,External Hard Drives,,
B074TYDJK2,64,KVM Switches,,
B07Y2PRTWY,520,External Hard Drives,,
B0C57RVDZQ,365,Computer Cases,,
B078YGB7DJ,434,External Hard Drives,,
B015UDUAKG,440,Computer Cases,,
B095VLKXZD,459,Computer Cases,,
B0BHH3BS49,824,Computer Cases,,
B0CWJ6K8GV,750,Computer Cases,,
B0926ZNNYV,342,Computer Cases,,
B074DQVB97,216,Computer Cases,,
B093HJRJ2S,17497,Video Games,External Solid State Drives,185.0
B0D1MM3961,833,Computer Cases,,
B0B46BGBBN,909,Computer Cases,,
B08FT3RPNX,409,External Hard Drives,,
B0CDQSVNT4,547,Computer Cases,,
B07BFGYLJZ,550,Computer Cases,,
B0BGJ2HWZX,253,External Solid State Drives,,
B0BQSL8JG2,157,Computer Cases,,
B0BJ14WPT5,819,Computer Cases,,
B0BP4B8QX3,573,Computer Cases,,
B0C8H7JQV1,599,Computer Cases,,
B0BMWFFB9Z,447,Computer Cases,,
B07KPVQNMW,542,External Hard Drives,,
B07KQ2WSJ8,484,External Hard Drives,,
B00D0BIRWE,277,External Hard Drives,,
B09MLYYT7S,497,Computer Cases,,
B0D1ZBHCHM,405,External Solid State Drives,,
B0C8C3W4VD,512,Computer Cases,,
B0BN3TZR5G,989,Computer Cases,,
B006U6LYMG,571,External Hard Drives,,
B00006B8DA,697,KVM Switches,,
B0BRNX4B5Q,514,Computer Cases,,
B09J5DSD5F,298,Computer Cases,,
B0D2JQLSRV,1205,Computer Cases,,
B0BXMT1Q69,911,Computer Cases,,
B09RQB3961,183,External Solid State Drives,,
B08BWZCY56,357,Computer Cases,,
B09J5CRF7S,821,Computer Cases,,
B07B4KXTQK,424,External Hard Drives,,
B0BL1DZJDZ,837,Computer Cases,,
B095VW45ZZ,662,Computer Cases,,
B08TRB3672,758,Computer Cases,,
B0C34XCYX2,842,External Hard Drives,,
B09H3GCV43,617,Computer Cases,,
B00O9SNHQ8,434,KVM Switches,,
B00KADVVP0,1111,External Hard Drives,,
B00ZSG009M,690,External Hard Drives,,
B000P05FAA,259,KVM Switches,Computer Accessories & Peripherals,48017.0
B09CVWQJCR,321,Computer Cases,,
B09F3TBRNZ,429,KVM Switches,,
B077HM5JZ5,132,External CD & DVD Drives,,
B07BJJLRH8,470,KVM Switches,,
B07Z57ZPNJ,38,External Disc Duplicators,,
B0CJ628XBV,683,Computer Cases,,
B000F4C310,299,KVM Switches,,
B0BNGMFN9R,488,Computer Cases,,
B08T5PRCCN,1257,Computer Cases,,
B09ZNKVF2N,881,Computer Cases,,
B0CFN7TMGW,1525,Computer Cases,,
B0036Z89H2,855,KVM Switches,,
B00XM883BK,45,External Sound Cards,,
B07STP8MYP,975,Computer Cases,,
B00LCOB4Z8,50,External Disc Duplicators,,
B09DQ1DP7W,883,KVM Switches,,
B0CQ5CW8D1,1247,Computer Cases,,
B07KVJ54X2,124,KVM Switches,,
B0CT6CT9BP,991,Computer Cases,,
B09TTZ3PD6,237,External Solid State Drives,,
B07WQWHXCF,549,Computer Cases,,
B0CRN2W1B2,386,External Solid State Drives,,
B07PPNS732,1462,External Hard Drives,,
B07MW6V62H,634,Computer Cases,,
B000M5VXVS,343,KVM Switches,,
B0C385V4F9,62,External Disc Duplicators,,
B07YFR15WK,481,Computer Cases,,
B09B8P5MCS,929,Computer Cases,,
B00267TXZ8,898,KVM Switches,,
B09CVCWM7D,635,Computer Cases,,
B08CBJZ2JD,329,External Hard Drives,,
B084L9F1KT,232,External Solid State Drives,,
B0C8C3NQG7,307,Computer Cases,,
B09BDCLG4L,1137,KVM Switches,,
B07MMTN3MH,1128,External Hard Drives,,
B0BXMWXK3N,1128,Computer Cases,,
B003N3BU6E,876,KVM Switches,,
B07SWXBZLN,1101,Computer Cases,,
B0C597FL85,1500,Computer Cases,,
B0CHJV3Y1T,162,Computer Cases,,
B07RBC7HXN,483,KVM Switches,,
B078TMMJY8,353,Computer Cases,,
B019OP7PZO,1476,KVM Switches,,
B09RZVHSGB,760,Computer Cases,,
B07R81VJHZ,509,KVM Switches,,
B0CBN82CWS,562,Computer Cases,,
B002RCTNKW,853,KVM Switches,,
B0CZWN4HVK,1001,Computer Cases,,
B0CWJC35KR,539,Computer Cases,,
B07KPTGTS2,976,External Hard Drives,,
B07XSNK7KK,1062,Computer Cases,,
B09RT9KGK6,156,External Solid State Drives,,
B07XLVDX3P,152,External Solid State Drives,,
B07Y5YBPXT,946,KVM Switches,,
B07JDYTYST,525,KVM Switches,,
B0CHBHJZ5V,1119,KVM Switches,,
B0BQ4XDB1F,1058,Computer Cases,,
B01CHZF3YS,640,External Hard Drives,,
B0CDF8GWVP,356,Computer Cases,,
B01M67EDE6,585,External Solid State Drives,,
B0B3LPF1YG,397,External Solid State Drives,,
B09HN2R4N2,1129,Computer Cases,,
B00006B8BN,942,Computer Cases,,
B0D19T59C8,1684,External Hard Drives,,
B000P6BSL4,432,KVM Switches,,
B009X0FQNY,241,External CD & DVD Drives,,
B0BRNXHFMC,1576,Computer Cases,,
B081GLDVL6,243,External Solid State Drives,,
B0001AV62U,563,KVM Switches,,
B0B8X4YV2K,1176,Computer Cases,,
B004WBB7AU,7,External Disc Duplicators,,
B07C5G2PCW,709,KVM Switches,,
B0CT3RRYBM,1062,KVM Switches,,
B08F42NXGC,388,KVM Switches,,
B0BQSKJFQK,1133,Computer Cases,,
B0CP5Z54ZN,527,External Solid State Drives,,
B081BKWK86,331,KVM Switches,,
B09ZHFQZ8F,1521,Computer Cases,,
B0BJ8TV3D7,1656,Computer Cases,,
B0842T2KWZ,537,Computer Cases,,
B07H6MKSXZ,1441,Computer Cases,,
B08MLGC1M6,364,External Solid State Drives,External Hard Drives,884.0
B096T6N7ZS,1110,Computer Cases,,
B0035PS5BS,863,KVM Switches,,
B01EKAYDH6,822,KVM Switches,,
B0CBLNS4B2,1250,Computer Cases,,
B000067SON,462,KVM Switches,,
B07YP88DP6,79,External Disc Duplicators,,
B07HYZY9FX,268,External Solid State Drives,,
B09G733KQY,335,KVM Switches,,
B0CV9FCR7B,1503,Computer Cases,,
B00KTGDMJ6,666,External Hard Drives,,
B09B1F8B7G,869,KVM Switches,,
B0CT2CCWZ8,1896,Computer Cases,,
B0C5LF52TL,2383,Computer Cases,,
B0BP9N46S8,1204,Computer Cases,,
B015HDT6AY,761,KVM Switches,,
B0000AQR8F,516,KVM Switches,Computer Accessories & Peripherals,76498.0
B09BDD32T3,567,KVM Switches,,
B079L64XYM,684,External Solid State Drives,,
B001KEBUYA,880,KVM Switches,,
B0CGDFZ51Q,392,External Solid State Drives,,
B0CRZFKG8V,292,External Solid State Drives,,
B07L9SS371,1640,External Hard Drives,,
B01HP59RGU,1207,Computer Cases,,
B0CF49YBJG,2274,External Hard Drives,,
B005TEYLDO,130,External Disc Duplicators,,
B0BQBFJ1XV,743,Computer Cases,,
B079S1X18X,245,External Solid State Drives,,
B079NYVT8R,1188,KVM Switches,,
B06XXSWWX6,1594,Computer Cases,,
B082YHBYNJ,385,External Solid State Drives,,
B09KKZV3NM,1135,Computer Cases,,
B0C1RBB7DL,102,External Disc Duplicators,,
B07SNFQVYS,1060,Computer Cases,,
B08VD8NJZK,775,KVM Switches,,
B0109IWUFU,960,KVM Switches,,
B072QMV5ZT,674,External Hard Drives,,
B01N9ML398,780,KVM Switches,,
B004NNTV2S,862,KVM Switches,,
B08298QCHT,926,KVM Switches,,
B09DQ249ZM,1180,KVM Switches,,
B0C9597MC5,904,Computer Cases,,
B0CN22D6R6,2328,Computer Cases,,
B0CN2R1RM8,2733,Computer Cases,,
B0718XXG9M,1181,KVM Switches,,
B0C4MJ6162,1435,Computer Cases,,
B000HVFCFA,815,KVM Switches,,
B07MQXRGZR,825,Computer Cases,,
B07KTM5J94,845,KVM Switches,,
B0BP92P4GG,2793,Computer Cases,,
B001U7FZMK,865,KVM Switches,,
B07MBTXNW9,1075,KVM Switches,,
B0BX6JVBBP,1700,Computer Cases,,
B01878ZQ8W,347,External CD & DVD Drives,,
B07MZQKZJ6,1746,KVM Switches,,
B01MSWGC74,1237,External Hard Drives,,
B0BSTZY4Z1,2101,Computer Cases,,
B004IYJX1G,1371,External Hard Drives,,
B007FUDKB4,239,External CD & DVD Drives,,
B0837KQFCN,2059,Computer Cases,,
B08366KJJX,1967,Computer Cases,,
B0C54691X8,1913,Computer Cases,,
B07PDVHWY8,1926,Computer Cases,,
B09ZNN5WCK,2180,Computer Cases,,
B07Q2HMBDX,663,Computer Cases,,
B004GKM9JK,1497,KVM Switches,,
B08TCHGHMM,165,External Solid State Drives,,
B08WDGH266,1062,External Solid State Drives,,
B094P1JKL6,1455,KVM Switches,,
B095XMHDMJ,1692,KVM Switches,,
B07L4JKCSR,1825,KVM Switches,,
B08L8F93H5,662,External Solid State Drives,,
B0046ALSFG,22,External Disc Duplicators,,
B01LA0LKPC,2575,Computer Cases,,
B071XW29SR,1750,KVM Switches,,
B07R95XCFQ,882,KVM Switches,,
B09SKL5Q11,1808,Computer Cases,,
B0BB5ZJZS1,1916,Computer Cases,,
B0CK2C7TZB,2374,Computer Cases,,
B0CT6DKW5L,2672,Computer Cases,,
B00SQFZ6UU,1109,KVM Switches,,
B00GMB4TDU,1623,KVM Switches,,
B0CMCCS1B9,2806,Computer Cases,,
B09MTQG2K9,2499,Computer Cases,,
B01LJUQXMS,255,External Solid State Drives,,
B0812CCP7J,1383,External Solid State Drives,,
B09Q7H58MB,2315,Computer Cases,,
B09PJQ4H43,2132,Computer Cases,,
B008CXFMBE,1742,KVM Switches,,
B0C7YPQ1XN,150,External Disc Duplicators,,
B0CHHYM475,2860,Computer Cases,,
B0C5K1TK8G,2299,Computer Cases,,
B08XZM51SD,400,KVM Switches,,
B09GPWLBDV,2359,Computer Cases,,
B0CRZBZHC1,1238,External Solid State Drives,,
B09MGGG991,2987,Computer Cases,,
B09X7CRKRZ,3,Micro SD Memory Cards,,
B0B7NTY2S6,1,Micro SD Memory Cards,,
B0B7NS71G2,2,SecureDigital Memory Cards,,
B005EJH6Z4,153,Our Brands,Computer Mice,4.0
B09B1GXM16,9,Micro SD Memory Cards,,
B07KXQX3S3,11,Video Games,"Nintendo Switch Consoles, Games & Accessories",1.0
B07DDK3W5D,318,Our Brands,Computer Speakers,1.0
B082T6GVKJ,221,Our Brands,Lightning Cables,18.0
B0787D6SGQ,270,Our Brands,Computer Mice,9.0
B005EJH6RW,217,Our Brands,Computer Mice,7.0
B01GGKYN0A,239,Our Brands,USB Cables,14.0
B09738CV2G,165,Video Games,PC Gaming Keyboards,3.0
B08BS181P2,298,Our Brands,HDMI Cables,2.0
B01GGKZ2SC,409,Our Brands,USB Cables,34.0
B0BZHQLR4Q,28,Lightning Cables,,
B00NH13DV2,388,Our Brands,USB Cables,29.0
B08YF7PB14,21,SecureDigital Memory Cards,,
B014I8SSD0,319,Our Brands,HDMI Cables,3.0
B0CW25XR5R,325,Video Games,PC Gaming Mice,19.0
B09C13PZX7,130,Video Games,Mac Gaming Mice,2.0
B094PS5RZQ,26,Video Games,PC Gaming Mice,3.0
B079HL9YSF,1,Computer Graphics Tablets,,
B0BWNBYWJZ,12,Computer Keyboard & Mouse Combos,,
B07R8GVGN9,15,Micro SD Memory Cards,,
B08JHHNWLM,463,Enclosures,,
B09GRV3H6R,5127,HDMI Cables,,
B08J7D2MJX,1097,USB Hubs,,
B00000JDF5,4,Cat 5 Ethernet Cables,,
B01KYD0WPU,3128,HDMI Cables,,
B000JLLEW8,306,Serial Cables,,
B0000665UZ,271,Serial Cables,,
B075ZBRDHB,6743,Our Brands,Computer Mice,1862.0
B077QQZJ38,9971,USB Cables,,
B002YKU216,580,Computer Hard Drive Bags & Cases,,
B0751LBBM3,735,Computer Monitor Arms,,
B0B99QPBSW,63957,Video Games,PC Gaming Keyboards,4461.0
B08Y989HFT,2714,USB Hubs,,
B0BLTJ89YH,921,USB Hubs,,
B0CV4CYM3X,4426,Computer Keyboards,,
B00FSYM3EE,862,SecureDigital Memory Cards,,
B00DROZ952,5311,HDMI Cables,,
B003X5UEB4,4694,Computer Mice,,
B074VM88G1,535,Serial Adapters,Computer Cables & Interconnects,37564.0
B0BT32RRFN,4658,Cat 6 Ethernet Cables,,
B08R5LX46P,3331,USB Flash Drives,Computer Accessories & Peripherals,88436.0
B0B2ZYN1D4,17138,USB Cables,,
B078XCQKNB,752,Computer Uninterruptible Power Supply Units,,
B0BHJJ9Y77,1,Internal Solid State Drives,,
B0BQX6NNVC,2,External Hard Drives,,
B0B6148YKN,183,Our Brands,USB Flash Drives,2.0
B081QSJNRJ,1,USB Flash Drives,,
B0CRCC9863,5,Internal Solid State Drives,Computer Internal Components,5.0
B09QV5KJHV,8,Internal Solid State Drives,,
B09BJYXMDW,9,External Solid State Drives,,
B0874XN4D8,3,External Solid State Drives,,
B0CHFSZX9W,14,External Solid State Drives,,
B0BHZQGN26,6,External Solid State Drives,,
B015CH1PJU,3,USB Flash Drives,,
B09WB2NL8W,6,USB Flash Drives,,
B00IRV005E,9,External Hard Drives,,
B07YD579WM,16,Internal Solid State Drives,,
B06W55K9N6,6,External Hard Drives,,
B0C47ZX1WB,20,Internal Solid State Drives,,
B0B25NXWC7,6,Internal Solid State Drives,,
B084ZV4DXB,3,Internal Hard Drives,,
B082YGVGQL,8,External Solid State Drives,,
B08GV9M64L,11,External Solid State Drives,,
B0C5JNWF58,5,External Solid State Drives,,
B0B25LZGGW,13,Internal Solid State Drives,,
B08JKHPV1V,12,External Hard Drives,,
B0C9WJQ9GP,19,External Solid State Drives,,
B06XC1WGQR,12,USB Flash Drives,,
B089C3TZL9,104,Internal Solid State Drives,,
B07D7PDLXC,11,USB Flash Drives,,
B07SYRW97F,27,USB Flash Drives,,
B0CGW1FQV4,18,External Solid State Drives,,
B083ZS4HYD,21,USB Flash Drives,,
B0C8XMH264,28,Internal Solid State Drives,,
B0C44XVWCH,465,Video Games,External Solid State Drives,23.0
B09ZYQ84CM,28,Internal Solid State Drives,,
B0BW6715SV,46,External Solid State Drives,,
B0842P5GG5,43,USB Flash Drives,,
B08GYPZ8GN,51,USB Flash Drives,,
B0966TZJGJ,26,Internal Hard Drives,,
B01N5IB20Q,32,Internal Solid State Drives,,
B07VQPDM56,65,USB Flash Drives,,
B097TSN41S,24,External Solid State Drives,,
B08JKCWRTD,23,External Hard Drives,,
B07XZLN9KM,35,Internal Solid State Drives,,
B0CGKY9K2Y,155,Internal Solid State Drives,,
B07BPKL2D2,56,USB Flash Drives,,
B0C4X6RDV8,10,Internal Hard Drives,,
B0859NR7KY,55,USB Flash Drives,,
B08KTM4SNY,25,Internal Hard Drives,,
B0CMDGGJTZ,60,External Solid State Drives,,
B08K3VVKSW,36,Internal Hard Drives,,
B09NQJMW28,80,Internal Solid State Drives,,
B0C8814GKB,2,Network Attached Storage  Enclosures,,
B0CHJXZMSG,121,Internal Solid State Drives,Computer Internal Components,503.0
B0C9WGQY8G,63,External Solid State Drives,,
B0CTRVZKG7,142,Internal Solid State Drives,Computer Internal Components,643.0
B08VH8R94B,19,Internal Hard Drives,,
B01LFV52Y6,65,USB Flash Drives,,
B0BRNBVTJK,4,Network Attached Storage  Enclosures,,
B0CKXZBFNY,71,Internal Solid State Drives,Computer Internal Components,208.0
B0C28HLKNB,82,Internal Solid State Drives,,
B079H7JVL3,47,External Hard Drives,,
B007YX9O9E,47,USB Flash Drives,,
B07TQSYBPH,139,Internal Solid State Drives,,
B07YFFJK2Q,133,Internal Solid State Drives,,
B0BZMLXNLS,162,Internal Solid State Drives,,
B0C5YS3QY4,199,Internal Solid State Drives,,
B077BGMX8C,52,USB Flash Drives,,
B09SBL7X1W,271,Internal Solid State Drives,,
B07YYK13LF,131,USB Flash Drives,,
B0CVMSV5J6,186,Internal Solid State Drives,Computer Internal Components,919.0
B0B1D5BL5C,17,Network Attached Storage  Enclosures,,
B09FFK1QLR,129,USB Flash Drives,,
B0CJG3Q7JW,85,External Solid State Drives,,
B07RL99HZ6,145,USB Flash Drives,,
B081DF9LK8,156,USB Flash Drives,,
B0BF7FGRZ6,96,External Hard Drives,,
B09MSB59SK,192,Internal Solid State Drives,,
B08F1VVBL9,67,External Solid State Drives,,
B01193UP24,35,USB Flash Drives,,
B0CBQSJSN9,131,Internal Solid State Drives,,
B07K4RC7X9,7,Network Attached Storage  Enclosures,,
B0B3RNFZBK,201,Internal Solid State Drives,,
B01MCY4L2R,237,USB Flash Drives,,
B0B5B2WL5R,263,USB Flash Drives,,
B01AWH05KK,6,Network Attached Storage  Enclosures,,
B0CCDSZJR3,96,External Hard Drives,,
B07YZSXG21,197,USB Flash Drives,,
B0CVNM6H87,95,External Solid State Drives,,
B09Q2MW21F,211,Internal Solid State Drives,,
B0CGVZDLDP,105,External Hard Drives,,
B09DVQ32XQ,318,USB Flash Drives,,
B087BJS2MF,152,USB Flash Drives,,
B07B1HX5KN,114,Internal Hard Drives,,
B09K36S11S,327,Internal Solid State Drives,,
B0CP68JNT1,175,Internal Solid State Drives,Computer Internal Components,817.0
B075CPM9BQ,334,USB Flash Drives,,
B09JQMGHDW,159,Internal Solid State Drives,,
B00RORBNSK,132,USB Flash Drives,,
B0B92GTRVY,195,Internal Hard Drives,,
B0CSSR38F1,7,Network Attached Storage  Enclosures,,
B09J14CJ89,599,Internal Solid State Drives,,
B09ZYQG5C1,213,Internal Solid State Drives,,
B08M25YBY3,71,Internal Solid State Drives,,
B00YHL1OKI,270,USB Flash Drives,,
B0B1W53S3X,118,External Solid State Drives,,
B07PVJTF4C,321,USB Flash Drives,,
B098WKQRDL,232,Internal Solid State Drives,,
B07HGG7FXH,309,USB Flash Drives,,
B07XFGBLCP,231,USB Flash Drives,,
B0CYQHY7GL,160,Internal Hard Drives,Computer Internal Components,2058.0
B0BYRRD36V,402,Internal Solid State Drives,,
B0BFDKPWPR,1045,Internal Solid State Drives,,
B09DVRBNWV,274,Internal Solid State Drives,,
B0C3CWBWPC,382,Internal Solid State Drives,,
B086W5JQT5,157,External Hard Drives,,
B01AWH05GE,24,Network Attached Storage  Devices,,
B0CV628X37,243,External Solid State Drives,,
B01E3LLBUY,102,USB Flash Drives,,
B00TKFCYP0,138,USB Flash Drives,,
B00NTQGZP6,278,External Hard Drives,,
B07GL1TQYQ,537,USB Flash Drives,,
B0BJKV2MZ6,1130,Internal Solid State Drives,,
B09F6279PY,103,External Solid State Drives,,
B01BY4MHN8,271,USB Flash Drives,,
B099PC1CDN,151,Internal Hard Drives,,
B07G5F2G89,418,USB Flash Drives,,
B0CN1NFYZ6,639,Internal Solid State Drives,Computer Internal Components,4390.0
B09JNRPK2Z,43,Network Attached Storage  Enclosures,,
B07LGKQLT5,189,Internal Solid State Drives,,
B00CRZ2PRM,120,External Hard Drives,,
B00NTQGZNS,239,External Hard Drives,,
B08MRBRJ9H,141,External Solid State Drives,,
B09JNQLY3M,66,Network Attached Storage  Enclosures,,
B07MNTYSSK,212,External Hard Drives,,
B0BN4B4L54,187,External Hard Drives,,
B0CM41J7F9,367,Internal Solid State Drives,,
B07XV8JN31,10266,Video Games,Xbox One Memory,8.0
B0842NQJ9H,214,USB Flash Drives,,
B0B2GJZV6W,436,USB Flash Drives,,
B00YHL1LN8,359,USB Flash Drives,,
B00ZT38BIQ,158,Baby,Diaper Disposal Bags,9.0
B009TJ3J60,208,Baby,Diaper Disposal Bags,10.0
B009F98SSS,134,Baby,Diaper Disposal Bags,5.0
B0CJY3V658,74010,Kitchen & Dining,Cutting Boards,790.0
B0BHBSBYQW,3204,Kitchen & Dining,Mixing Bowls,19.0
B0C6WDX3YN,33743,Kitchen & Dining,Baking & Cookie Sheets,187.0
B0CRB1DKJ2,4127,Kitchen & Dining,Insulated Tumblers,28.0
B0077AL08C,1220,Industrial & Scientific,Sanding Sponges,2.0
B003WUYG1E,8288,Tools & Home Improvement,Sanding Blocks,7.0
B074BC2GXL,3620,Industrial & Scientific,Cut-Off Wheels,8.0
B001AW4EAO,3086,Industrial & Scientific,Sanding Sponges,8.0
B009YNYDOS,3614,Industrial & Scientific,Sanding Steel Wool,7.0
B019WCOIE0,8808,Tools & Home Improvement,Power Sander Hook & Loop Discs,29.0
B00FYZHVOE,4358,Industrial & Scientific,Scratch Brushes,11.0
B074BJ5QBB,5643,Industrial & Scientific,Cut-Off Wheels,19.0
B00004YMDI,5075,Industrial & Scientific,Abrasive Wheel Brushes,2.0
B01N3QT8X6,20217,Tools & Home Improvement,Power Sander Hook & Loop Discs,74.0
B00004RHAL,6806,Industrial & Scientific,Abrasive Cup Brushes,11.0
B00004YMDL,7353,Industrial & Scientific,Abrasive Wheel Brushes,8.0
B000BPC2PU,3860,Industrial & Scientific,Flap Discs,6.0
B00FMHQ1OU,25983,Tools & Home Improvement,Power Sander Hook & Loop Discs,94.0
B008BOWVOU,35568,Tools & Home Improvement,Scratch Brushes,34.0
B000PRB98K,12597,Industrial & Scientific,Sanding Sponges,19.0
B00004RHAO,15100,Industrial & Scientific,Abrasive Wheel Brushes,28.0
B000WQL5CO,32384,Tools & Home Improvement,Sanding Blocks,28.0
B004BG5QXK,47911,Tools & Home Improvement,Power Sander Hook & Loop Discs,178.0
B003X5OJ4M,18271,Industrial & Scientific,Abrasive Grinding Mounted Points,4.0
B0785FXQQP,7935,Tools & Home Improvement,Power Sand Blasters,8.0
B003NSBG8G,13967,Industrial & Scientific,Grinding Discs,30.0
B004C472VU,14624,Industrial & Scientific,Abrasive Wheel Brushes,27.0
B008BOWKB4,37636,Tools & Home Improvement,Sanding Blocks,31.0
B01I3BDMZM,18606,Industrial & Scientific,Scratch Brushes,52.0
B004AGGKWC,60941,Tools & Home Improvement,Hole Saw Arbors,4.0
B0000DD35X,8607,Industrial & Scientific,Abrasive Finishing Compounds,8.0
B004C4CIYG,8996,Industrial & Scientific,Abrasive Wheel Brushes,14.0
B00IKUJJWM,8017,Tools & Home Improvement,Sanding Blocks,40.0
B005JRJGMC,35834,Tools & Home Improvement,Power Sander Hook & Loop Discs,135.0
B000L6IXLG,14923,Industrial & Scientific,Sanding Sponges,26.0
B019WCOLJC,39167,Tools & Home Improvement,Power Sander Hook & Loop Discs,141.0
B001RB2090,40691,Tools & Home Improvement,Sanding Blocks,34.0
B003XXE0RA,28363,Industrial & Scientific,Surface Grinding Wheels,15.0
B01GLGEP9I,10810,Industrial & Scientific,Cut-Off Wheels,39.0
B0009H5M9S,76363,Tools & Home Improvement,Power Sander Hook & Loop Discs,286.0
B008BOWVHC,80284,Tools & Home Improvement,Scratch Brushes,75.0
B000LNSSK0,26169,Industrial & Scientific,Cut-Off Wheels,91.0
B004UUAD4E,17497,Industrial & Scientific,Abrasive Cup Brushes,32.0
B003YDZO10,17085,Industrial & Scientific,Scratch Brushes,48.0
B017LWF74I,28898,Industrial & Scientific,Cut-Off Wheels,103.0
B09M6WBFFQ,59062,Tools & Home Improvement,Sanding Blocks,60.0
B00004Z48W,36307,Industrial & Scientific,Sanding Sponges,54.0
B08H2KK846,20915,Industrial & Scientific,Sanding Disc Backing Pads,31.0
B000022335,35475,Tools & Home Improvement,Power Sander Hook & Loop Discs,128.0
B007EXU5PG,26432,Industrial & Scientific,Sanding Sponges,43.0
B01G3GBBVG,21332,Industrial & Scientific,Bench & Pedestal Grinding Wheels,10.0
B09NF5R6NB,19544,Industrial & Scientific,Cut-Off Wheels,72.0
B002USQWN4,15434,Tools & Home Improvement,Power Sander Fiber Backed Abrasive Discs,8.0
B0019CR0LK,106578,Tools & Home Improvement,Sanding Blocks,110.0
B000NMA4PG,27599,Industrial & Scientific,Scratch Brushes,73.0
B00SOTI75E,65825,Tools & Home Improvement,Power Sander Quick Change Discs,33.0
B003X5RITK,44229,Industrial & Scientific,Abrasive Grinding Mounted Points,12.0
B00176MHWK,24526,Industrial & Scientific,Cut-Off Wheels,86.0
B09M6YBD7R,74127,Tools & Home Improvement,Sanding Blocks,71.0
B000WQO3LY,127550,Tools & Home Improvement,Power Sander Hook & Loop Discs,440.0
B00G0PZ2IO,31994,Tools & Home Improvement,Power Sander Hook & Loop Discs,114.0
B00004RHAN,41619,Industrial & Scientific,Abrasive Cup Brushes,66.0
B000OLI00W,124096,Tools & Home Improvement,Power Sander Hook & Loop Discs,435.0
B015PK3DKI,23853,Industrial & Scientific,Abrasive Finishing Compounds,29.0
B003NFG6FC,48229,Industrial & Scientific,Grinding Discs,95.0
B0067NHYJY,61518,Tools & Home Improvement,Power Sander Hook & Loop Discs,230.0
B000030300,62012,Tools & Home Improvement,Sander Sheets,254.0
B000I1THG4,89117,Tools & Home Improvement,Sanding Blocks,91.0
B000RH1EVK,34470,Industrial & Scientific,Cut-Off Wheels,122.0
B0002NYE34,140997,Tools & Home Improvement,Power Sander Hook & Loop Discs,479.0
B08VTS5DC5,143579,Tools & Home Improvement,Power Sander Hook & Loop Discs,485.0
B01HPM8MHI,58359,Tools & Home Improvement,Power Sander PSA Discs,23.0
B003X418BK,65558,Industrial & Scientific,Bench & Pedestal Grinding Wheels,25.0
B0000DI7ZC,50575,Industrial & Scientific,Sanding Steel Wool,39.0
B000E4BWCM,86999,Tools & Home Improvement,Power Oscillating Tool Sanding Pads,20.0
B004MW4GGQ,63867,Industrial & Scientific,Sander Sheets,360.0
B000VYK9OW,56076,Industrial & Scientific,Scratch Brushes,135.0
B0195UTEC0,105647,Tools & Home Improvement,Power Sander Hook & Loop Discs,365.0
B09T3WJ19Z,167680,Tools & Home Improvement,Power Sander Hook & Loop Discs,548.0
B07MYL9Y4W,41998,Industrial & Scientific,Sanding Rolls,7.0
B003R7LBSS,36895,Industrial & Scientific,Abrasive Wheel Brushes,65.0
B003N9BT4Q,30130,Industrial & Scientific,Flap Wheels,20.0
B000CFNIUW,20333,Industrial & Scientific,Scratch Brushes,56.0
B00004YYD2,50572,Industrial & Scientific,Abrasive Cup Brushes,80.0
B073FB35LQ,54155,Industrial & Scientific,Abrasive Mandrels,12.0
B002YCOJRW,164213,Tools & Home Improvement,Sander Sheets,350.0
B00D8FZ83S,42085,Industrial & Scientific,Flap Discs,58.0
B001F527SW,63934,Industrial & Scientific,Abrasive Wheel Brushes,104.0
B015PK3B8C,72020,Industrial & Scientific,Abrasive Flat End Brushes,1.0
B0061JM4GC,167417,Tools & Home Improvement,Sanding Blocks,175.0
B00004YMDN,79261,Industrial & Scientific,Abrasive Cup Brushes,116.0
B005L6YVXA,37234,Industrial & Scientific,Cut-Off Wheels,126.0
B000CNO74U,62462,Industrial & Scientific,Flap Discs,95.0
B0019COUIQ,170869,Tools & Home Improvement,Sanding Blocks,181.0
B08V8T9P24,61771,Industrial & Scientific,Sanding Disc Backing Pads,81.0
B000RH1E7O,75615,Industrial & Scientific,Cut-Off Wheels,203.0
B01601F6KG,25642,Industrial & Scientific,Flap Discs,41.0
B003X5T7SA,82408,Industrial & Scientific,Abrasive Grinding Mounted Points,25.0
B01I91RIZ6,67234,Industrial & Scientific,Cut-Off Wheels,184.0
B003QKOONU,178551,Tools & Home Improvement,Power Sander Hook & Loop Discs,594.0
B01HSJ1CXE,83835,Industrial & Scientific,Cut-Off Wheels,221.0
B00EMFO6BI,223550,Tools & Home Improvement,Power Sander Hook & Loop Discs,722.0
B00004TQHB,62063,Industrial & Scientific,Flap Discs,94.0
B01G3GBEQS,32864,Industrial & Scientific,Abrasive Wheel Brushes,61.0
B00FMHQ2GC,183710,Tools & Home Improvement,Power Sander Hook & Loop Discs,612.0
B001CZJ4JK,72704,Industrial & Scientific,Flex Hones,26.0
B00FAN3OD2,228809,Tools & Home Improvement,Scratch Brushes,184.0
B00004YMFV,93099,Industrial & Scientific,Grinding Discs,199.0
B000RGZDMM,90256,Industrial & Scientific,Grinding Discs,195.0
B0754X9ZHP,88580,Industrial & Scientific,Scratch Brushes,185.0
B000244Y92,119144,Tools & Home Improvement,Sander Sheets,267.0
B003R7LBR4,202573,Tools & Home Improvement,Scratch Brushes,168.0
B09T3WKDN6,119078,Tools & Home Improvement,Power Sander Hook & Loop Discs,413.0
B007C6PQ8G,91315,Industrial & Scientific,Cut-Off Wheels,243.0
B00EMFO6G8,165832,Tools & Home Improvement,Power Sander Hook & Loop Discs,543.0
B000KL3WX6,72660,Industrial & Scientific,Abrasive Grinding Mounted Points,23.0
B09FPBQ1KZ,79873,Industrial & Scientific,Abrasive Mandrels,21.0
B09T3X69J4,117957,Tools & Home Improvement,Power Sander Hook & Loop Discs,412.0
B000PSDTOQ,72427,Industrial & Scientific,Cut-Off Wheels,196.0
B07ZDPNRS6,142944,Tools & Home Improvement,Power Sander Fiber Backed Abrasive Discs,51.0
B000VYJ0LK,82595,Industrial & Scientific,Scratch Brushes,175.0
B015PK3CWW,101912,Industrial & Scientific,Cut-Off Wheels,271.0
B01G6UB5F6,215139,Tools & Home Improvement,Power Sander Fiber Backed Abrasive Discs,56.0
B00004YMG4,76821,Industrial & Scientific,Cut-Off Wheels,207.0
B08VTSCKR6,213142,Tools & Home Improvement,Power Sander Hook & Loop Discs,695.0
B01LYNIDV3,103529,Industrial & Scientific,Sander Sheets,547.0
B000RGZENA,81014,Industrial & Scientific,Cut-Off Wheels,215.0
B0829VXNY6,108307,Tools & Home Improvement,Sanding Blocks,113.0
B004UUAGOG,87591,Industrial & Scientific,Abrasive Cup Brushes,125.0
B003R7LBRY,66714,Industrial & Scientific,Abrasive Wheel Brushes,107.0
B00HUX1LAS,105849,Tools & Home Improvement,Power Sander PSA Discs,49.0
B0007D30DO,256935,Tools & Home Improvement,Power Sand Blasters,93.0
B00H9PJSVQ,123009,Tools & Home Improvement,Power Sander Hook & Loop Discs,427.0
B002YKBSHS,70916,Tools & Home Improvement,Power Sander Hook & Loop Discs,624.0
B007C6PFXM,41010,Industrial & Scientific,Cut-Off Wheels,134.0
B005YUJMLY,96877,Tools & Home Improvement,Sander Sheets,212.0
B07BNH7GMW,110625,Industrial & Scientific,Abrasive Finishing Compounds,117.0
B01GHQC5TE,36532,Industrial & Scientific,Cut-Off Wheels,125.0
B000LNXX4G,98129,Industrial & Scientific,Cut-Off Wheels,258.0
B01MXJH6BQ,274942,Tools & Home Improvement,Sanding Blocks,286.0
B0829TXSK9,122742,Tools & Home Improvement,Sanding Blocks,129.0
B00004YYD7,120137,Industrial & Scientific,Abrasive Wheel Brushes,178.0
B00L3BN7EG,84301,Industrial & Scientific,Scratch Brushes,179.0
B07649JCTJ,214349,Tools & Home Improvement,Power Sander Hook & Loop Discs,700.0
B003X3W3PG,113208,Industrial & Scientific,Bench & Pedestal Grinding Wheels,48.0
B07JN4R975,236614,Tools & Home Improvement,Sander Sheets,500.0
B000H0XSMU,43839,Industrial & Scientific,Cut-Off Wheels,142.0
B00W1WIZ6Q,87685,Industrial & Scientific,Cut-Off Wheels,230.0
B00GLL3UKE,318155,Tools & Home Improvement,Power Sander Hook & Loop Discs,986.0
B09K2854F6,95192,Industrial & Scientific,Abrasive Wheel Brushes,150.0
B0067NHXWW,226301,Tools & Home Improvement,Power Sander Hook & Loop Discs,730.0
B002PNUUSW,115426,Industrial & Scientific,Abrasive Flat End Brushes,4.0
B017W2O0G8,134399,Tools & Home Improvement,Power Sander Hook & Loop Discs,458.0
B00004WFU1,90959,Industrial & Scientific,Hand Files,14.0
B00SNEOSN0,284382,Tools & Home Improvement,Sander Belts,323.0
B08VTTQ6SF,278233,Tools & Home Improvement,Power Sander Hook & Loop Discs,877.0
B08VTS5DC4,250535,Tools & Home Improvement,Power Sander Hook & Loop Discs,792.0
B0000DD2C9,301138,Tools & Home Improvement,Sander Sheets,611.0
B005AZ3SFE,122025,Industrial & Scientific,Abrasive Grinding Mounted Points,33.0
B0007ZOD7O,328263,Tools & Home Improvement,Power Sander Fiber Backed Abrasive Discs,80.0
B003R7LCDW,117958,Industrial & Scientific,Flap Discs,158.0
B01GLGG0AA,110126,Industrial & Scientific,Cut-Off Wheels,291.0
B00L6FO4QE,319908,Tools & Home Improvement,Sander Sheets,660.0
B08BX3JHX8,123086,Industrial & Scientific,Scratch Brushes,243.0
B07GTJWFC4,101240,Industrial & Scientific,Cut-Off Wheels,270.0
B007C6PI8E,99106,Industrial & Scientific,Cut-Off Wheels,260.0
B0000VVZZS,92348,Industrial & Scientific,Surface Grinding Wheels,45.0
B0006IHIU6,312034,Tools & Home Improvement,Sander Sheets,638.0
B00N6XJS56,314258,Tools & Home Improvement,Sanding Blocks,323.0
B002NKZN7U,153530,Industrial & Scientific,Abrasive Grinding Mounted Points,45.0
B003X3UAMY,126771,Industrial & Scientific,Grinding Discs,281.0
B003WUYG14,337853,Tools & Home Improvement,Sanding Blocks,350.0
B0007ZQ9KI,118110,Industrial & Scientific,Cut-Off Wheels,310.0
B00IRIRLEK,125988,Industrial & Scientific,Cut-Off Wheels,332.0
B08V8BLPGL,125181,Industrial & Scientific,Sanding Disc Backing Pads,148.0
B00004YMDH,371041,Tools & Home Improvement,Scratch Brushes,306.0
B00KY39YRS,370507,Tools & Home Improvement,Power Sander Hook & Loop Discs,1116.0
B00004YYD1,149094,Industrial & Scientific,Abrasive Cup Brushes,175.0
B00100OEZ6,295703,Tools & Home Improvement,Sander Sheets,604.0
B07H9XYLZY,126921,Industrial & Scientific,Sanding Disc Backing Pads,151.0
B0027VTLKA,145253,Industrial & Scientific,Cut-Off Wheels,369.0
B01G6UC3UM,66285,Tools & Home Improvement,Power Sander Fiber Backed Abrasive Discs,17.0
B0017M0GRW,349256,Tools & Home Improvement,Power Sander Hook & Loop Discs,1059.0
B00L6FO4OG,348342,Tools & Home Improvement,Sander Sheets,727.0
B01NAO6XGD,108079,Industrial & Scientific,Flap Discs,154.0
B0067NHVR4,349726,Tools & Home Improvement,Power Sander Hook & Loop Discs,1062.0
B08VTJDBCF,384616,Tools & Home Improvement,Sander Sheets,816.0
B01HSJ0ZGY,167523,Industrial & Scientific,Cut-Off Wheels,419.0
B00295VKCG,140293,Industrial & Scientific,Cut-Off Wheels,357.0
B01G8HENU6,344225,Tools & Home Improvement,Sander Sheets,715.0
B09Q7V1YYH,352784,Tools & Home Improvement,Power Sander Hook & Loop Discs,1070.0
B000KL5WXO,125363,Industrial & Scientific,Abrasive Grinding Mounted Points,39.0
B00AYB8YPS,134598,Industrial & Scientific,Cut-Off Wheels,346.0
B08V8S43QN,143554,Industrial & Scientific,Sanding Disc Backing Pads,165.0
B0017O4DEW,373295,Tools & Home Improvement,Sander Sheets,779.0
B000RN2YHM,171431,Tools & Home Improvement,Power Sander Hook & Loop Discs,578.0
B000X3EM94,160449,Industrial & Scientific,Flap Discs,208.0
B07GTMPRGY,108021,Industrial & Scientific,Cut-Off Wheels,289.0
B07DK5KDMH,115836,Industrial & Scientific,Cut-Off Wheels,304.0
B07DK5FFLN,94192,Industrial & Scientific,Cut-Off Wheels,247.0
B084VVDTJZ,135610,Industrial & Scientific,Flap Discs,180.0
B007C6PVE0,163340,Industrial & Scientific,Flap Discs,211.0
B01FHNF41Y,139090,Industrial & Scientific,Hand Files,23.0
B0017NMY9O,164818,Industrial & Scientific,Flap Discs,213.0
B0061JM4H6,385238,Tools & Home Improvement,Sanding Blocks,392.0
B015XJFL2O,410802,Tools & Home Improvement,Sander Sheets,858.0
B0000222YD,321447,Tools & Home Improvement,Power Sander Hook & Loop Discs,995.0
B08VV5RM9W,424023,Tools & Home Improvement,Power Sander Hook & Loop Discs,1249.0
B003X5MFDO,159721,Industrial & Scientific,Abrasive Grinding Mounted Points,48.0
B00004RH8A,178126,Industrial & Scientific,Cut-Off Wheels,433.0
B0009H5NCE,425112,Tools & Home Improvement,Power Sander Hook & Loop Discs,1250.0
B0D166ZR73,165663,Industrial & Scientific,Flap Discs,215.0
B01FVYM3OU,184568,Tools & Home Improvement,Sander Sheets,396.0
B000EPTFGQ,147858,Industrial & Scientific,Cut-Off Wheels,378.0
B01LXCPO0M,175607,Industrial & Scientific,Sander Sheets,874.0
B0035533GU,155273,Industrial & Scientific,Flex Hones,74.0
B06WVVF2FX,371703,Tools & Home Improvement,Sander Sheets,775.0
B00004UDHY,423931,Tools & Home Improvement,Sander Sheets,889.0
B06XMZ7Z15,43634,Industrial & Scientific,Sanding Pads,23.0
B01M1KUXIV,161660,Industrial & Scientific,Sander Sheets,826.0
B0000224J2,400920,Tools & Home Improvement,Cut-Off Wheels,417.0
B000H0XSPW,152270,Industrial & Scientific,Cut-Off Wheels,388.0
B0B4F4TGGV,381987,Tools & Home Improvement,Power Sander Hook & Loop Discs,1157.0
B00176KX30,434490,Tools & Home Improvement,Sander Sheets,914.0
B08VV6PCBK,452688,Tools & Home Improvement,Power Sander Hook & Loop Discs,1326.0
B00069LT4G,392872,Tools & Home Improvement,Power Sander Hook & Loop Discs,1180.0
B0069TUZOC,400689,Tools & Home Improvement,Sanding Blocks,408.0
B003L77Y0I,178392,Industrial & Scientific,Cut-Off Wheels,434.0
B000RGYBKC,207315,Industrial & Scientific,Cut-Off Wheels,491.0
B08VTVQVND,443395,Tools & Home Improvement,Power Sander Hook & Loop Discs,1300.0
B003VS02MY,152657,Industrial & Scientific,Surface Grinding Wheels,77.0
B01D1A70FI,469758,Tools & Home Improvement,Power Sander PSA Discs,194.0
B00PPD2P1O,171564,Industrial & Scientific,Sanding Sponges,120.0
B01GW48TEQ,340824,Tools & Home Improvement,Sander Sheets,706.0
B07JN94GH2,478255,Tools & Home Improvement,Sander Sheets,999.0
B003HLEPHS,465415,Tools & Home Improvement,Sanding Blocks,455.0
B007C6PHGC,192097,Industrial & Scientific,Cut-Off Wheels,460.0
B0D1686R14,174801,Industrial & Scientific,Flap Discs,228.0
B0D1637N52,174780,Industrial & Scientific,Flap Discs,227.0
B000244Y9M,184970,Industrial & Scientific,Sanding Disc Backing Pads,206.0
B09Q7P98T3,465668,Tools & Home Improvement,Power Sander Hook & Loop Discs,1352.0
B000KL5WY8,202750,Industrial & Scientific,Abrasive Grinding Mounted Points,57.0
B003X5OQAY,163571,Industrial & Scientific,Bench & Pedestal Grinding Wheels,63.0
B01FJVEY0Q,365969,Tools & Home Improvement,Sander Sheets,762.0
B005YUJYF8,185921,Tools & Home Improvement,Power Sander Hook & Loop Discs,618.0
B09BF41FHV,400805,Tools & Home Improvement,Sander Sheets,841.0
B07JLWKHPS,458090,Tools & Home Improvement,Sander Sheets,956.0
B00P4QHJNG,899,Tools & Home Improvement,Thresholds,1.0
B000CSGELY,1275,Tools & Home Improvement,Weather Stripping,7.0
B00PKSFEAI,2654,Tools & Home Improvement,Thresholds,2.0
B0000CBIFD,990,Tools & Home Improvement,Weather Stripping,5.0
B07H15GP7R,469,Tools & Home Improvement,Sliding Door Hardware,2.0
B07GF54KV8,3165,Tools & Home Improvement,Door Hinges,2.0
B07BVCSSB9,5385,Tools & Home Improvement,Sliding Door Hardware,11.0
B000I1ARA4,7632,Tools & Home Improvement,Sliding Door Hardware,15.0
B07GF4ZR17,4735,Tools & Home Improvement,Door Hinges,7.0
B0000CBIJQ,8917,Tools & Home Improvement,Thresholds,7.0
B000IO8SZC,9963,Tools & Home Improvement,Door Stops,57.0
B000KKTG96,6306,Office Products,Door Stops,69.0
B00005202G,12629,Tools & Home Improvement,Thresholds,12.0
B0000CBIFF,13703,Tools & Home Improvement,Weather Stripping,77.0
B002KFZVH0,6925,Office Products,Door Stops,73.0
B000CRIK1M,14537,Tools & Home Improvement,Thresholds,13.0
B07N8W8YQ4,14248,Tools & Home Improvement,Sliding Door Hardware,32.0
B00DTIF7DK,15678,Tools & Home Improvement,Sliding Door Hardware,41.0
B00YRHUYJY,17899,Tools & Home Improvement,Door Hinges,35.0
B00JBMWHOU,15242,Tools & Home Improvement,Sliding Door Hardware,43.0
B00GS8H0D8,10561,Office Products,Door Stops,108.0
B000BD8J6S,11278,Tools & Home Improvement,Thresholds,9.0
B00E3NCFC6,18387,Tools & Home Improvement,Sliding Door Hardware,48.0
B07GF4X7WC,16749,Tools & Home Improvement,Door Hinges,33.0
B000AYFPSI,17947,Tools & Home Improvement,Weather Stripping,91.0
B00FQ5A5RM,11972,Tools & Home Improvement,Weather Stripping,70.0
B001JEOIFY,24264,Tools & Home Improvement,Door Hinges,53.0
B0006VAM9M,27677,Tools & Home Improvement,Weather Stripping,123.0
B00E4BI012,20632,Tools & Home Improvement,Sliding Door Hardware,61.0
B07PFFFFMT,2998,Our Brands,Door Stops,127.0
B0052EBBVQ,27691,Tools & Home Improvement,Sliding Door Hardware,83.0
B005MUEQ26,10768,Tools & Home Improvement,Thresholds,8.0
B00P4CHXZO,20676,Tools & Home Improvement,Door Hinges,44.0
B001M58S8I,25371,Tools & Home Improvement,Thresholds,19.0
B000X1HEVY,11106,Office Products,Door Stops,114.0
B0025KUSWI,20705,Tools & Home Improvement,Weather Stripping,104.0
B004Q048NA,34831,Tools & Home Improvement,Thresholds,30.0
B009E1W1US,15387,Office Products,Door Stops,151.0
B001EQOKXC,30214,Tools & Home Improvement,Thresholds,23.0
B0063KZ9C0,9319,Industrial & Scientific,Key Cabinets,19.0
B011ABM9MO,31694,Tools & Home Improvement,Thresholds,25.0
B000I1VAZ0,35193,Tools & Home Improvement,Sliding Door Hardware,119.0
B00GI1CWHO,19220,Tools & Home Improvement,Door Hinges,40.0
B0015S6CMG,35820,Tools & Home Improvement,Thresholds,31.0
B00L0FNPUG,15822,Office Products,Door Stops,158.0
B0026SIECU,39101,Tools & Home Improvement,Sliding Door Hardware,133.0
B000117C4A,42458,Tools & Home Improvement,Weather Stripping,174.0
B00DRZO3TO,35347,Tools & Home Improvement,Door Hinges,89.0
B000CRIJS6,18816,Tools & Home Improvement,Thresholds,15.0
B000CRHYVY,36235,Tools & Home Improvement,Thresholds,32.0
B001AV54B8,36632,Tools & Home Improvement,Weather Stripping,157.0
B007JD4XYA,48638,Tools & Home Improvement,Thresholds,45.0
B000H5MSNK,42559,Tools & Home Improvement,Thresholds,40.0
B001EQJ4CE,41935,Tools & Home Improvement,Thresholds,38.0
B0C9PNPVMX,20721,Tools & Home Improvement,Sliding Door Hardware,62.0
B07GTPW12P,47306,Tools & Home Improvement,Sliding Door Hardware,166.0
B000I1QHA8,44832,Tools & Home Improvement,Weather Stripping,183.0
B000FKDECQ,58250,Tools & Home Improvement,Thresholds,60.0
B00DS5H0OI,53583,Tools & Home Improvement,Sliding Door Hardware,198.0
B000BQ85U0,52353,Tools & Home Improvement,Door Hinges,141.0
B000BQSX52,33407,Tools & Home Improvement,Weather Stripping,143.0
B000COB13E,50592,Tools & Home Improvement,Thresholds,47.0
B004ISI5D4,26447,Office Products,Door Stops,253.0
B000EEX5UY,61789,Tools & Home Improvement,Sliding Door Hardware,237.0
B000NHRYMW,20192,Office Products,Door Stops,203.0
B01M9E254N,23205,Office Products,Door Stops,226.0
B077959TXL,54673,Tools & Home Improvement,Sliding Door Hardware,203.0
B000052031,57920,Tools & Home Improvement,Weather Stripping,226.0
B0012I9G0E,39636,Tools & Home Improvement,Weather Stripping,209.0
B08DLNPX54,20294,Tools & Home Improvement,Door Hinges,43.0
B00GS8GBJC,24831,Office Products,Door Stops,241.0
B0B69MCTTD,20744,Office Products,Door Stops,211.0
B002TILVTU,55010,Tools & Home Improvement,Thresholds,54.0
B0C2F2RYWH,28895,Office Products,Door Stops,281.0
B00GS8FSO6,44067,Tools & Home Improvement,Door Hinges,175.0
B00E8HV334,53648,Tools & Home Improvement,Door Hinges,149.0
B007NG5VY4,68316,Tools & Home Improvement,Thresholds,71.0
B002UC6SAC,58248,Tools & Home Improvement,Sliding Door Hardware,217.0
B01N0B9G6C,79177,Tools & Home Improvement,Door Hinges,246.0
B002KFZV20,63694,Tools & Home Improvement,Door Hinges,195.0
B000NDZ234,67260,Tools & Home Improvement,Thresholds,69.0
B08DLNJ746,31917,Tools & Home Improvement,Door Hinges,77.0
B000BOALNG,32967,Office Products,Door Stops,319.0
B0778XZ8PD,75051,Tools & Home Improvement,Sliding Door Hardware,305.0
B00FFVMGCY,66370,Tools & Home Improvement,Sliding Door Hardware,263.0
B000I1EIF4,77023,Tools & Home Improvement,Sliding Door Hardware,310.0
B09SVYQFCN,88246,Tools & Home Improvement,Thresholds,97.0
B000OCWYJ4,41867,Office Products,Door Stops,385.0
B01FL9LFL2,51536,Tools & Home Improvement,Sliding Door Hardware,190.0
B0002YX2AY,69147,Tools & Home Improvement,Sliding Door Hardware,275.0
B000KL07BQ,11568,Tools & Home Improvement,Sliding Door Hardware,248.0
B00DS5H0W0,58783,Tools & Home Improvement,Sliding Door Hardware,219.0
B074LC41Q2,14498,Office Products,Door Stops,145.0
B000I19BP6,82525,Tools & Home Improvement,Sliding Door Hardware,341.0
B002KFZV7U,77151,Tools & Home Improvement,Door Hinges,237.0
B00SGVXYOE,65617,Tools & Home Improvement,Sliding Door Hardware,255.0
B00012FQCY,60870,Tools & Home Improvement,Weather Stripping,234.0
B000UGF3OC,88335,Tools & Home Improvement,Door Hinges,284.0
B004Q00FO6,73885,Tools & Home Improvement,Thresholds,77.0
B00FLO864M,32854,Office Products,Door Stops,318.0
B001M58YUU,65579,Tools & Home Improvement,Thresholds,66.0
B001M5E9ZY,69886,Tools & Home Improvement,Thresholds,72.0
B001RUEWUQ,22289,Industrial & Scientific,Commercial Door Guards,1.0
B01M7S88LI,40721,Office Products,Door Stops,374.0
B071HZYNFD,35425,Tools & Home Improvement,Door Hinges,90.0
B000SKYON6,74477,Tools & Home Improvement,Weather Stripping,273.0
B000CSN21Y,50396,Office Products,Door Stops,461.0
B00GI1CWG0,64729,Tools & Home Improvement,Door Hinges,364.0
B00DS5GSGO,100488,Tools & Home Improvement,Sliding Door Hardware,418.0
B07MC1YB3H,25255,Tools & Home Improvement,Door Hinges,56.0
B00DPH8M9Q,91815,Tools & Home Improvement,Sliding Door Hardware,382.0
B0778XZ7P2,83321,Tools & Home Improvement,Sliding Door Hardware,347.0
B000BQWOH0,108885,Tools & Home Improvement,Thresholds,126.0
B077959TXK,97736,Tools & Home Improvement,Sliding Door Hardware,406.0
B002JGT9VE,92779,Tools & Home Improvement,Door Hinges,303.0
B08TVT74JP,112990,Tools & Home Improvement,Door Hinges,401.0
B000FKBRMU,79518,Tools & Home Improvement,Door Hinges,250.0
B09SVXQ3WN,79572,Tools & Home Improvement,Weather Stripping,292.0
B000CRKE70,71157,Tools & Home Improvement,Thresholds,92.0
B09562JK3G,31898,Tools & Home Improvement,Door Hinges,76.0
B08DLNYMJ7,5095,Tools & Home Improvement,Door Hinges,9.0
B00RPOPEDM,45572,Office Products,Door Stops,418.0
B000B4KZT6,62627,Tools & Home Improvement,Door Hinges,182.0
B06XVCT2QS,40283,Tools & Home Improvement,Door Hinges,108.0
B01708CEL2,98100,Tools & Home Improvement,Thresholds,107.0
B00E8HV5HI,45476,Office Products,Door Stops,416.0
B00FFYYXV8,106698,Tools & Home Improvement,Sliding Door Hardware,442.0
B00S721X0E,73620,Tools & Home Improvement,Sliding Door Hardware,298.0
B00DRZM00S,55500,Office Products,Door Stops,505.0
B001CSM8RW,143254,Tools & Home Improvement,Sliding Door Hardware,607.0
B000BRM66I,65163,Tools & Home Improvement,Weather Stripping,338.0
B0BYGPC9H6,48632,Tools & Home Improvement,Door Hinges,254.0
B0C2DZL6T6,64476,Office Products,Door Stops,571.0
B01IJ9P20Q,112310,Tools & Home Improvement,Thresholds,129.0
B01M4LPP5I,54063,Office Products,Door Stops,495.0
B0010OH8DC,105537,Tools & Home Improvement,Thresholds,120.0
B000BR7HW6,121800,Tools & Home Improvement,Thresholds,141.0
B08DLPDSJG,104017,Tools & Home Improvement,Door Hinges,358.0
B000BQU90Y,13836,Office Products,Door Stops,140.0
B0026SYL86,125380,Tools & Home Improvement,Sliding Door Hardware,519.0
B00005202J,138629,Tools & Home Improvement,Thresholds,173.0
B004Q0HI64,119804,Tools & Home Improvement,Door Hinges,431.0
B000LNKB9Q,131069,Tools & Home Improvement,Thresholds,157.0
B00DS5GN9G,98673,Tools & Home Improvement,Sliding Door Hardware,409.0
B009YNUNZQ,51926,Office Products,Door Stops,475.0
B00DPH93VW,108932,Tools & Home Improvement,Sliding Door Hardware,454.0
B000EUADLM,111498,Tools & Home Improvement,Weather Stripping,390.0
B000IKNYKU,134999,Tools & Home Improvement,Thresholds,167.0
B0B9TWY11Q,22,Electronics,Baby Monitors,1.0
B08GHX9G5L,78,Baby,Dome Surveillance Cameras,1.0
B09G1XHH5Y,472,Pet Supplies,Dog Waste Bags,7.0
B00973JZI4,797,Pet Supplies,Dog Waste Bags,14.0
B000274692,1639,Pet Supplies,Dog Food Storage,8.0
B008MZM9TU,2355,Pet Supplies,Dog Waste Bags,29.0
B0CH45HPZT,756,Electronics,Pet Cameras & Monitors,7.0
B088GTZ57S,3374,Pet Supplies,Dog Showerheads & Sprayers,2.0
B00063496C,4502,Pet Supplies,Dog Fountains,20.0
B08GH9KL4M,1830,Baby,Pet Cameras & Monitors,9.0
